cannabis/flower,https://nativerootscannabis.com/products/?category=flower
cannabis/edibles,https://nativerootscannabis.com/products/?category=edibles
index.html,https://nativerootscannabis.com
location,https://nativerootscannabis.com/locations
menu,https://nativerootscannabis.com/products
cannabis/topicals,https://nativerootscannabis.com/products/?category=Topicals
cannabis/shatter,https://nativerootscannabis.com/products
cannabis/wax,https://nativerootscannabis.com/products
tower-denver-marijuana-dispensary,https://nativerootscannabis.com/locations/tower-denver-marijuana-dispensary
littleton-marijuana-dispensary,https://nativerootscannabis.com/locations/littleton-marijuana-dispensary
longmont-marijuana-dispensary,https://nativerootscannabis.com/locations/longmont-marijuana-dispensary
trinidad-marijuana-dispensary,https://nativerootscannabis.com/locations/trinidad-marijuana-dispensary
content/alien-og,https://nativerootscannabis.com/products/?category=flower
content/blue-dream,https://nativerootscannabis.com/products/?category=flower
content/assorted-edibles,https://nativerootscannabis.com/products/?category=edibles
contact,https://nativerootscannabis.com/locations
austin-bluffs-dispensary,https://nativerootscannabis.com/locations/austin-bluffs-marijuana-dispensary
native-roots-wellness,https://nativerootscannabis.comlocations/champa-native-roots-wellness
content/assorted-bars,https://nativerootscannabis.com/products
content/glass-apple,https://nativerootscannabis.com/products
boulder-marijuana-dispensary,https://nativerootscannabis.com/locations/boulder-marijuana-dispensary
content/join-fam,https://nativerootscannabis.com/archive/join-fam
frisco-marijuana-dispensary,https://nativerootscannabis.com/locations/frisco-marijuana-dispensary
aspen-marijuana-dispensary,https://nativerootscannabis.com/locations/aspen-marijuana-dispensary
content/assorted-cookies,https://nativerootscannabis.com/products
content/c-land,https://nativerootscannabis.com/products
vail-marijuana-dispensary,https://nativerootscannabis.com/locations/vail-marijuana-dispensary
edgewater-marijuana-dispensary,https://nativerootscannabis.com/locations/edgewater-marijuana-dispensary
content/bruce-banner-3,https://nativerootscannabis.com/products/?category=flower
cannabis/flower?page=2,https://nativerootscannabis.com/products/?category=flower
blog,https://nativerootscannabis.com/stories
cannabis/edibles?page=1,https://nativerootscannabis.com/products/?category=edibles
content/golden-goat,https://nativerootscannabis.com/products/?category=flower
dillon-marijuana-dispensary,https://nativerootscannabis.com/locations/dillon-marijuana-dispensary
academy-marijuana-dispensary,https://nativerootscannabis.com/locations/academy-marijuana-dispensary
south-denver-marijuana-dispensasry,https://nativerootscannabis.com/locations/south-denver-marijuana-dispensasry
cannabis/flower?page=1,https://nativerootscannabis.com/products/?category=flower
content/chocolates,https://nativerootscannabis.com/products/?category=edibles
content/assorted-capsules,https://nativerootscannabis.com/products
content/assorted-bars-0,https://nativerootscannabis.com/products
content/east-coast-sour-diesel,https://nativerootscannabis.com/products/?category=flower
north-denver-marijuana-dispensary,https://nativerootscannabis.com/locations/adams-north-denver-marijuana-dispensary
content/chem-4-og,https://nativerootscannabis.com/products/?category=flower
content/caviar-flower,https://nativerootscannabis.com/products/?category=flower
highlands-denver-marijuana-dispensary,https://nativerootscannabis.com/locations/highlands-denver-marijuana-dispensary
location/eagle-vail,https://nativerootscannabis.com/locations/eagle-vail-marijuana-dispensary
content/beverages,https://nativerootscannabis.com/products
dandelion-boulder-dispensary,https://nativerootscannabis.com/locations/dandelion-boulder-dispensary
content/flo,https://nativerootscannabis.com/products/?category=flower
cannabis/edibles?page=2,https://nativerootscannabis.com/products/?category=edibles
content/salve,https://nativerootscannabis.com/products
uintah-marijuana-dispensary,https://nativerootscannabis.com/locations/uintah-marijuana-dispensary
content/cbn-capsules,https://nativerootscannabis.com/products
cannabis/flower?page=3,https://nativerootscannabis.com/products
west-denver-marijuana-dispensary,https://nativerootscannabis.com/locations/west-denver-marijuana-dispensary
content/sensual-lube,https://nativerootscannabis.com/products
tejon-marijuana-dispensary,https://nativerootscannabis.com/locations/tejon-marijuana-dispensary
content/topical-compound,https://nativerootscannabis.com/products
content/patch-0,https://nativerootscannabis.com/products
content/lip-bong,https://nativerootscannabis.com/products
content/lotion,https://nativerootscannabis.com/products
content/topical-tincture,https://nativerootscannabis.com/products
2019/04/15/420-goods-1lb-giveaway,https://nativerootscannabis.com/archive/420-goods-1lb-giveaway
content/hash-bath,https://nativerootscannabis.com/products
content/massage-oil,https://nativerootscannabis.com/products
content/native-roots-partners,https://nativerootscannabis.com/archive/native-roots-partners
content/awards,https://nativerootscannabis.com/content/awards
2019/05/17/may-goods,https://nativerootscannabis.com/archive/may-goods
sitemap,https://nativerootscannabis.com/sitemap
2019/05/03/introducing-spectra,https://nativerootscannabis.com/products
cannabis/topicals?page=1,https://nativerootscannabis.com/products
2019/02/21/win-holographic-cannabis-experience,https://nativerootscannabis.com/archive/win-holographic-cannabis-experience
2018/04/02/420-deals-april-16-22,https://nativerootscannabis.com/archive/420-deals-april-16-22
2018/04/10/sour-tsunami,https://nativerootscannabis.com/products/?category=flower
2019/02/01/choose-champ,https://nativerootscannabis.com/archive/choose-champ
2016/09/15/cookies-dream,https://nativerootscannabis.com/archive/cookies-dream
2018/01/02/mip-marijuana-infused-products-facility,https://nativerootscannabis.com/archive/mip-marijuana-infused-products-facility
2018/10/11/liberate-your-happiness,https://nativerootscannabis.com/archive/liberate-your-happiness
2018/06/12/runners-high-run-club,https://nativerootscannabis.com/archive/runners-high-run-club
2016/02/04/big-gigantic-signature-strain,https://nativerootscannabis.com/archive/big-gigantic-signature-strain
2018/09/26/win-2-tickets-far-out-factory,https://nativerootscannabis.com/archive/win-2-tickets-far-out-factory
2015/04/15/2015-cannabis-cup-success,https://nativerootscannabis.com/archive/2015-cannabis-cup-success
2019/03/03/303-day,https://nativerootscannabis.com/archive/303-day
2016/05/23/420-rally-denver-2016,https://nativerootscannabis.com/archive/420-rally-denver-2016
2015/07/13/710-hash-bash-with-massroots-recap,https://nativerootscannabis.com/archive/710-hash-bash-with-massroots-recap
2019/07/08/710-week,https://nativerootscannabis.com/archive/710-week
2016/05/03/best-boulder-winner-7-years-row,https://nativerootscannabis.com/archive/best-boulder-winner-7-years-row
2017/11/09/best-marijuana-dispensary,https://nativerootscannabis.com/archive/best-marijuana-dispensary
2019/06/25/bike-work-day,https://nativerootscannabis.com/archive/bike-work-day
2016/12/13/boulder-open-late,https://nativerootscannabis.com/archive/boulder-open-late
2018/02/07/cannabist-awards,https://nativerootscannabis.com/archive/cannabist-awards
2016/12/05/canned-food-drive,https://nativerootscannabis.com/archive/canned-food-drive
2017/01/03/clean-consumption-2017,https://nativerootscannabis.com/archive/clean-consumption-2017
2016/11/02/coats-colorado,https://nativerootscannabis.com/archive/coats-colorado
2017/08/01/colorado-day,https://nativerootscannabis.com/archive/colorado-day
2015/06/04/colorado-pot-taxes-what-should-we-do-with-the-money-upcoming-tax-holiday,https://nativerootscannabis.com/archive/colorado-pot-taxes-what-should-we-do-with-the-money-upcoming-tax-holiday
2018/02/23/customer-appreciation-days,https://nativerootscannabis.com/archive/customer-appreciation-days
2018/01/31/denver-tourism-gets-boost-closest-marijuana-dispensary-dia,https://nativerootscannabis.com/archive/denver-tourism-gets-boost-closest-marijuana-dispensary-dia
2018/04/18/drive-safe-420-and-always,https://nativerootscannabis.com/archive/drive-safe-420-and-always
content/education,https://nativerootscannabis.com/archive/education
2018/04/02/flower-strain-renamed-what-s-name,https://nativerootscannabis.com/archive/flower-strain-renamed-what-s-name
2017/11/02/food-drive,https://nativerootscannabis.com/archive/food-drive
2015/08/17/griz-and-native-roots-want-to-get-you-rocky-mountain-high,https://nativerootscannabis.com/archive/griz-and-native-roots-want-to-get-you-rocky-mountain-high
2015/04/17/griz-kush-up-for-2015-cannabis-cup-peoples-choice-award,https://nativerootscannabis.com/archive/griz-kush-up-for-2015-cannabis-cup-peoples-choice-award
2015/10/28/hangin-with-native-roots,https://nativerootscannabis.com/archive/hangin-with-native-roots
2015/11/11/here-is-the-latest-at-native,https://nativerootscannabis.com/archive/here-is-the-latest-at-native
2017/09/13/hurricane-relief,https://nativerootscannabis.com/archive/hurricane-relief
2017/08/14/instagriz-giveaway,https://nativerootscannabis.com/archive/instagriz-giveaway
2015/08/28/join-us-for-the-native-roots-littleton-grand-opening-celebration,https://nativerootscannabis.com/archive/join-us-for-the-native-roots-littleton-grand-opening-celebration
2017/11/06/legalize-marijuana-colorado,https://nativerootscannabis.com/archive/legalize-marijuana-colorado
2017/03/02/legislative-update,https://nativerootscannabis.com/archive/legislative-update
2019/07/01/mammoth,https://nativerootscannabis.com/archive/mammoth
2017/11/29/marijuana-and-education,https://nativerootscannabis.com/archive/marijuana-and-education
2015/05/06/marys-medicinal-new-product-marys-tonic-lessens-high,https://nativerootscannabis.com/archive/marys-medicinal-new-product-marys-tonic-lessens-high
2017/09/26/national-voter-registration-day,https://nativerootscannabis.com/archive/national-voter-registration-day
2015/09/25/native-fall-news-round-up,https://nativerootscannabis.com/archive/native-fall-news-round-up
2016/05/31/native-fam-pinterest,https://nativerootscannabis.com/archive/native-fam-pinterest
2015/04/17/native-roots-420-rally,https://nativerootscannabis.com/archive/native-roots-420-rally
2015/04/22/native-roots-420-weekend-event-recap,https://nativerootscannabis.com/archive/native-roots-420-weekend-event-recap
2016/04/21/native-roots-and-incredibles-present,https://nativerootscannabis.com/archive/native-roots-and-incredibles-present
2015/06/29/native-roots-and-massroots-present-the-710-hash-bash,https://nativerootscannabis.com/archive/native-roots-and-massroots-present-the-710-hash-bash
2015/11/25/native-roots-black-friday-deals,https://nativerootscannabis.com/archive/native-roots-black-friday-deals
2015/09/16/native-roots-deals-for-tax-free-marijuana-holiday-in-colorado,https://nativerootscannabis.com/archive/native-roots-deals-for-tax-free-marijuana-holiday-in-colorado
2015/04/15/native-roots-denver-dispensary-open-late-until-midnight,https://nativerootscannabis.com/archive/native-roots-denver-dispensary-open-late-until-midnight
2016/05/27/native-roots-dispensary-littleton-renovations,https://nativerootscannabis.com/archive/native-roots-dispensary-littleton-renovations
2018/03/20/native-roots-lends-its-hand-joining-left-hand-brewing-foundation-event,https://nativerootscannabis.com/archive/native-roots-lends-its-hand-joining-left-hand-brewing-foundation-event
2015/08/29/native-roots-named-in-top-12-colorado-dispensaries,https://nativerootscannabis.com/archive/native-roots-named-in-top-12-colorado-dispensaries
2016/03/30/native-roots-seeks-naming-rights-mile-high-stadium,https://nativerootscannabis.com/archive/native-roots-seeks-naming-rights-mile-high-stadium
2015/09/09/native-roots-wants-you-to-have-an-epic-winter,https://nativerootscannabis.com/archive/native-roots-wants-you-to-have-an-epic-winter
2017/11/21/native-roots-west-denver,https://nativerootscannabis.com/archive/native-roots-west-denver
2015/12/19/native-roots-wins-big-during-year-end-2015-cannabis-award-season,https://nativerootscannabis.com/archive/native-roots-wins-big-during-year-end-2015-cannabis-award-season
2015/09/22/native-style-from-colorado-to-the-world,https://nativerootscannabis.com/archive/native-style-from-colorado-to-the-world
2016/10/03/new-highlands-location,https://nativerootscannabis.com/archive/new-highlands-location
2016/08/30/northern-lights-native-roots-strain-review,https://nativerootscannabis.com/archive/northern-lights-native-roots-strain-review
2016/04/12/offical-420-rally,https://nativerootscannabis.com/archive/offical-420-rally
2016/12/15/open-holidays,https://nativerootscannabis.com/archive/open-holidays
2016/04/26/our-new-store-adams-county-officially-open,https://nativerootscannabis.com/archive/our-new-store-adams-county-officially-open
2019/04/02/pick-pax-april,https://nativerootscannabis.com/archive/pick-pax-april
2017/02/20/pots-positive-impact,https://nativerootscannabis.com/archive/pots-positive-impact
2017/07/06/public-affairs-update,https://nativerootscannabis.com/archive/public-affairs-update
2017/10/13/pumpkin-carving-contest,https://nativerootscannabis.com/archive/pumpkin-carving-contest
2019/04/22/recycle-us,https://nativerootscannabis.com/archive/recycle-us
2016/10/07/rowdytown-rocks,https://nativerootscannabis.com/archive/rowdytown-rocks
2016/08/29/show-us-some-love,https://nativerootscannabis.com/archive/show-us-some-love
2015/04/29/so-you-want-to-join-the-native-fam-how-to-work-in-the-cannabis-industry,https://nativerootscannabis.com/archive/so-you-want-to-join-the-native-fam-how-to-work-in-the-cannabis-industry
2016/06/09/soulja-boy-native-roots-denver,https://nativerootscannabis.com/archive/soulja-boy-native-roots-denver
2017/11/10/veterans-day,https://nativerootscannabis.com/archive/veterans-day
2018/03/15/vote-your-favorite-marijuana-dispensary-boulder,https://nativerootscannabis.com/archive/vote-your-favorite-marijuana-dispensary-boulder
2018/08/27/win-grandoozy-vip-tickets-native-roots,https://nativerootscannabis.com/archive/win-grandoozy-vip-tickets-native-roots
content/privacy-policy,https://nativerootscannabis.com/privacy-policy
content/terms-use,https://nativerootscannabis.com/terms-of-use